{
  "Component.js.map": 1757425241626,
  "ext/view/CashFlowPopup.controller.js": 1757410922809,
  "ext/fragment/Header.js": 1756900147712,
  "ext/controller/ContractObjectPage.controller.js": 1757422899839,
  "ext/controller/Contactlist.controller.js": 1756900147712,
  "ext/controller/CalCashFLow.js": 1757424341851,
  "manifest.json": 1757401832360,
  "Component.js": 1756900147712,
  "ext/controller/Contactlist-dbg.controller.js": 1756900147712,
  "ext/controller/Contactlist.controller.js.map": 1757425241625,
  "ext/fragment/Header-dbg.js": 1756900147712,
  "ext/fragment/Header.js.map": 1757425241618,
  "ext/controller/ContractObjectPage-dbg.controller.js": 1757422899839,
  "ext/controller/ContractObjectPage.controller.js.map": 1757425241648,
  "ext/view/CashFlowPopup-dbg.controller.js": 1757410922809,
  "ext/view/CashFlowPopup.controller.js.map": 1757425241623,
  "ext/controller/CalCashFLow-dbg.js": 1757424341851,
  "ext/controller/CalCashFLow.js.map": 1757425241658,
  "Component-dbg.js": 1756900147712,
  "i18n/i18n.properties": 1757403708458,
  "Component-preload.js": 1757425241807,
  "Component-preload.js.map": 1757425241807,
  "ext/fragment/Header.fragment.xml": 1756985260658,
  "ext/fragment/DialogOb.fragment.xml": 1757330222785,
  "ext/fragment/Dialog.fragment.xml": 1757330016993,
  "ext/view/CashFlowPopup.view.xml": 1757409276546,
  "css/style.css": 1757409441382,
  "index.html": 1756900147712
}