{
  "Component-preload.js.map": 1758026250426,
  "manifest.json": 1758024383746,
  "ext/fragment/Header.js": 1756900147712,
  "ext/controller/RateCalc.js": 1757928241373,
  "ext/controller/ContractObjectPage.controller.js": 1758022265439,
  "ext/controller/Contactlist.controller.js": 1757576636520,
  "ext/controller/CalCashFLow.js": 1757569064322,
  "ext/view/CashFlowPopup.controller.js": 1757573401356,
  "Component.js": 1756900147712,
  "ext/controller/RateCalc-dbg.js": 1757928241373,
  "ext/controller/RateCalc.js.map": 1758026250194,
  "ext/fragment/Header-dbg.js": 1756900147712,
  "ext/fragment/Header.js.map": 1758026250071,
  "ext/controller/ContractObjectPage-dbg.controller.js": 1758022265439,
  "ext/controller/ContractObjectPage.controller.js.map": 1758026250168,
  "ext/controller/Contactlist-dbg.controller.js": 1757576636520,
  "ext/controller/Contactlist.controller.js.map": 1758026250081,
  "ext/controller/CalCashFLow-dbg.js": 1757569064322,
  "ext/controller/CalCashFLow.js.map": 1758026250209,
  "ext/view/CashFlowPopup-dbg.controller.js": 1757573401356,
  "ext/view/CashFlowPopup.controller.js.map": 1758026250102,
  "Component-dbg.js": 1756900147712,
  "Component.js.map": 1758026250110,
  "Component-preload.js": 1758026250425,
  "i18n/i18n.properties": 1758000483271,
  "ext/view/CashFlowPopup.view.xml": 1758005511551,
  "ext/fragment/Header.fragment.xml": 1756985260658,
  "ext/fragment/DialogOb.fragment.xml": 1757330222785,
  "ext/fragment/Dialog.fragment.xml": 1757330016993,
  "css/style.css": 1758020489352,
  "index.html": 1756900147712
}