{
  "ext/controller/CalCashFLow.js": 1758605139280,
  "ext/controller/Contactlist.controller.js": 1757576636520,
  "ext/view/CompareCalcFlow.controller.js": 1758607750058,
  "ext/view/CashFlowPopup.controller.js": 1757573401356,
  "ext/view/Adjustmentflow.controller.js": 1758620663932,
  "ext/controller/RateCalc.js": 1757928241373,
  "ext/controller/ContractObjectPage.controller.js": 1758703820807,
  "ext/fragment/Header.js": 1756900147712,
  "i18n/i18n.properties": 1758607294354,
  "ext/controller/AdjustmentPayment.js": 1758691152258,
  "manifest.json": 1758530249000,
  "Component.js": 1756900147712,
  "ext/controller/Contactlist-dbg.controller.js": 1757576636520,
  "ext/controller/Contactlist.controller.js.map": 1758784018885,
  "ext/view/CompareCalcFlow-dbg.controller.js": 1758607750058,
  "ext/view/CompareCalcFlow.controller.js.map": 1758784018890,
  "ext/view/CashFlowPopup-dbg.controller.js": 1757573401356,
  "ext/view/CashFlowPopup.controller.js.map": 1758784018953,
  "ext/view/Adjustmentflow-dbg.controller.js": 1758620663932,
  "ext/view/Adjustmentflow.controller.js.map": 1758784018954,
  "ext/controller/RateCalc-dbg.js": 1757928241373,
  "ext/controller/RateCalc.js.map": 1758784018892,
  "ext/controller/ContractObjectPage-dbg.controller.js": 1758703820807,
  "ext/controller/ContractObjectPage.controller.js.map": 1758784018964,
  "ext/fragment/Header-dbg.js": 1756900147712,
  "ext/fragment/Header.js.map": 1758784018930,
  "ext/controller/CalCashFLow-dbg.js": 1758605139280,
  "ext/controller/CalCashFLow.js.map": 1758784018974,
  "ext/controller/AdjustmentPayment-dbg.js": 1758691152258,
  "ext/controller/AdjustmentPayment.js.map": 1758784018988,
  "Component-dbg.js": 1756900147712,
  "Component.js.map": 1758784018959,
  "Component-preload.js": 1758784019195,
  "Component-preload.js.map": 1758784019195,
  "ext/view/CompareCalcFlow.view.xml": 1758626897549,
  "ext/view/CashFlowPopup.view.xml": 1758005511551,
  "ext/view/Adjustmentflow.view.xml": 1758621913721,
  "ext/fragment/Header.fragment.xml": 1756985260658,
  "ext/fragment/DialogOb.fragment.xml": 1757330222785,
  "ext/fragment/Dialog.fragment.xml": 1757330016993,
  "css/style.css": 1758611204575,
  "index.html": 1756900147712
}