{
  "ext/fragment/Header.fragment.xml": 1756985260658,
  "ext/fragment/Header.js": 1756900147712,
  "ext/view/CashFlowPopup.controller.js": 1757573401356,
  "ext/controller/RateCalc.js": 1757928241373,
  "ext/controller/ContractObjectPage.controller.js": 1757655740401,
  "ext/controller/Contactlist.controller.js": 1757576636520,
  "ext/controller/CalCashFLow.js": 1757569064322,
  "manifest.json": 1757921552782,
  "Component.js": 1756900147712,
  "ext/controller/CalCashFLow-dbg.js": 1757569064322,
  "ext/controller/CalCashFLow.js.map": 1757928296227,
  "ext/view/CashFlowPopup-dbg.controller.js": 1757573401356,
  "ext/view/CashFlowPopup.controller.js.map": 1757928296193,
  "ext/controller/RateCalc-dbg.js": 1757928241373,
  "ext/controller/RateCalc.js.map": 1757928296204,
  "ext/controller/ContractObjectPage-dbg.controller.js": 1757655740401,
  "ext/controller/ContractObjectPage.controller.js.map": 1757928296218,
  "ext/controller/Contactlist-dbg.controller.js": 1757576636520,
  "ext/controller/Contactlist.controller.js.map": 1757928296198,
  "ext/fragment/Header-dbg.js": 1756900147712,
  "ext/fragment/Header.js.map": 1757928296200,
  "Component-dbg.js": 1756900147712,
  "Component.js.map": 1757928296203,
  "Component-preload.js": 1757928296363,
  "Component-preload.js.map": 1757928296364,
  "ext/view/CashFlowPopup.view.xml": 1757569695261,
  "i18n/i18n.properties": 1757651321522,
  "ext/fragment/DialogOb.fragment.xml": 1757330222785,
  "ext/fragment/Dialog.fragment.xml": 1757330016993,
  "css/style.css": 1757660240821,
  "index.html": 1756900147712
}