{
  "ext/controller/Objectpagecontroller.controller.js": 1758709900870,
  "ext/controller/Ratecal.js": 1758779235842,
  "ext/view/AdjustmentCashFlow.controller.js": 1759985627479,
  "i18n/i18n.properties": 1758710954364,
  "ext/controller/ListReportPage.controller.js": 1758714568092,
  "ext/controller/Cashflow.js": 1758899681099,
  "manifest.json": 1759928715297,
  "Component.js": 1758708695815,
  "Component-dbg.js": 1758708695815,
  "Component.js.map": 1761200395069,
  "ext/view/AdjustmentCashFlow-dbg.controller.js": 1759985627479,
  "ext/view/AdjustmentCashFlow.controller.js.map": 1761200395131,
  "ext/controller/Objectpagecontroller-dbg.controller.js": 1758709900870,
  "ext/controller/Objectpagecontroller.controller.js.map": 1761200395124,
  "ext/controller/ListReportPage-dbg.controller.js": 1758714568092,
  "ext/controller/ListReportPage.controller.js.map": 1761200395083,
  "ext/controller/Cashflow-dbg.js": 1758899681099,
  "ext/controller/Cashflow.js.map": 1761200395088,
  "ext/controller/Ratecal-dbg.js": 1758779235842,
  "ext/controller/Ratecal.js.map": 1761200395086,
  "Component-preload.js": 1761200395252,
  "Component-preload.js.map": 1761200395252,
  "ext/view/AdjustmentCashFlow.view.xml": 1759985657399,
  "css/style.css": 1758904323115,
  "index.html": 1758708695815
}