{
  "ext/view/CashFlowPopup-dbg.controller.js": 1759820434390,
  "ext/fragment/Header.js": 1757572468901,
  "ext/view/CashFlowPopup.controller.js": 1759820434390,
  "ext/controller/RateCalc.js": 1757929727674,
  "ext/controller/Objectpagecont.controller.js": 1758781561346,
  "ext/controller/ListReport.controller.js": 1757582024374,
  "ext/controller/CalCashFlow.js": 1757575500845,
  "ext/controller/AdjustmentPaymentloan.js": 1758717576935,
  "manifest.json": 1758711660041,
  "Component.js": 1757570558836,
  "ext/fragment/Header-dbg.js": 1757572468901,
  "ext/fragment/Header.js.map": 1759826738493,
  "i18n/i18n.properties": 1758000538583,
  "ext/view/CashFlowPopup.controller.js.map": 1759826738500,
  "ext/controller/RateCalc-dbg.js": 1757929727674,
  "ext/controller/RateCalc.js.map": 1759826738495,
  "ext/controller/Objectpagecont-dbg.controller.js": 1758781561346,
  "ext/controller/Objectpagecont.controller.js.map": 1759826738565,
  "ext/controller/ListReport-dbg.controller.js": 1757582024374,
  "ext/controller/ListReport.controller.js.map": 1759826738498,
  "ext/controller/CalCashFlow-dbg.js": 1757575500845,
  "ext/controller/CalCashFlow.js.map": 1759826738551,
  "ext/controller/AdjustmentPaymentloan-dbg.js": 1758717576935,
  "ext/controller/AdjustmentPaymentloan.js.map": 1759826738562,
  "Component-dbg.js": 1757570558836,
  "Component.js.map": 1759826738503,
  "Component-preload.js": 1759826738680,
  "Component-preload.js.map": 1759826738680,
  "ext/fragment/Header.fragment.xml": 1757579799004,
  "ext/view/CashFlowPopup.view.xml": 1759820783925,
  "css/style.css": 1758891794285,
  "index.html": 1757570558840
}