{
  "ext/fragment/Header-dbg.js": 1757572468901,
  "Component.js": 1757570558836,
  "ext/fragment/Header.js": 1757572468901,
  "ext/controller/RateCalc.js": 1757929727674,
  "ext/controller/Objectpagecont.controller.js": 1758781561346,
  "ext/controller/ListReport.controller.js": 1757582024374,
  "ext/controller/CalCashFlow.js": 1757575500845,
  "ext/controller/AdjustmentPaymentloan.js": 1758717576935,
  "manifest.json": 1758711660041,
  "ext/view/CashFlowPopup.controller.js": 1759211250720,
  "ext/controller/AdjustmentPaymentloan-dbg.js": 1758717576935,
  "ext/controller/AdjustmentPaymentloan.js.map": 1759737378027,
  "i18n/i18n.properties": 1758000538583,
  "ext/fragment/Header.js.map": 1759737377960,
  "ext/controller/RateCalc-dbg.js": 1757929727674,
  "ext/controller/RateCalc.js.map": 1759737377965,
  "ext/controller/Objectpagecont-dbg.controller.js": 1758781561346,
  "ext/controller/Objectpagecont.controller.js.map": 1759737378030,
  "ext/controller/ListReport-dbg.controller.js": 1757582024374,
  "ext/controller/ListReport.controller.js.map": 1759737377965,
  "ext/controller/CalCashFlow-dbg.js": 1757575500845,
  "ext/controller/CalCashFlow.js.map": 1759737377985,
  "Component-dbg.js": 1757570558836,
  "Component.js.map": 1759737377967,
  "ext/view/CashFlowPopup-dbg.controller.js": 1759211250720,
  "ext/view/CashFlowPopup.controller.js.map": 1759737377977,
  "Component-preload.js": 1759737378139,
  "Component-preload.js.map": 1759737378139,
  "ext/view/CashFlowPopup.view.xml": 1758891228989,
  "ext/fragment/Header.fragment.xml": 1757579799004,
  "css/style.css": 1758891794285,
  "index.html": 1757570558840
}