{
  "ext/controller/CalCashFlow.js": 1757575500845,
  "Component.js": 1757570558836,
  "ext/fragment/Header.js": 1757572468901,
  "ext/controller/Objectpagecont.controller.js": 1757577299027,
  "ext/controller/ListReport.controller.js": 1757582024374,
  "i18n/i18n.properties": 1757651369934,
  "manifest.json": 1757581630090,
  "ext/view/CashFlowPopup.controller.js": 1757573467943,
  "ext/fragment/Header-dbg.js": 1757572468901,
  "ext/fragment/Header.js.map": 1757660441191,
  "Component-dbg.js": 1757570558836,
  "Component.js.map": 1757660441200,
  "ext/controller/Objectpagecont-dbg.controller.js": 1757577299027,
  "ext/controller/Objectpagecont.controller.js.map": 1757660441269,
  "ext/controller/ListReport-dbg.controller.js": 1757582024374,
  "ext/controller/ListReport.controller.js.map": 1757660441204,
  "ext/controller/CalCashFlow-dbg.js": 1757575500845,
  "ext/controller/CalCashFlow.js.map": 1757660441224,
  "ext/view/CashFlowPopup-dbg.controller.js": 1757573467943,
  "ext/view/CashFlowPopup.controller.js.map": 1757660441219,
  "Component-preload.js": 1757660441388,
  "Component-preload.js.map": 1757660441388,
  "ext/view/CashFlowPopup.view.xml": 1757582358010,
  "ext/fragment/Header.fragment.xml": 1757579799004,
  "css/style.css": 1757660339341,
  "index.html": 1757570558840
}