{
  "ext/controller/Objectpagecont.controller.js.map": 1758026255358,
  "ext/controller/ListReport.controller.js": 1757582024374,
  "ext/fragment/Header.js": 1757572468901,
  "ext/controller/RateCalc.js": 1757929727674,
  "ext/controller/Objectpagecont.controller.js": 1758025947992,
  "ext/view/CashFlowPopup.controller.js": 1757573467943,
  "ext/controller/CalCashFlow.js": 1757575500845,
  "manifest.json": 1758024237637,
  "Component.js": 1757570558836,
  "ext/controller/CalCashFlow-dbg.js": 1757575500845,
  "ext/controller/CalCashFlow.js.map": 1758026255357,
  "ext/fragment/Header-dbg.js": 1757572468901,
  "ext/fragment/Header.js.map": 1758026255338,
  "ext/controller/RateCalc-dbg.js": 1757929727674,
  "ext/controller/RateCalc.js.map": 1758026255307,
  "ext/controller/Objectpagecont-dbg.controller.js": 1758025947992,
  "i18n/i18n.properties": 1758000538583,
  "ext/view/CashFlowPopup-dbg.controller.js": 1757573467943,
  "ext/view/CashFlowPopup.controller.js.map": 1758026255349,
  "ext/controller/ListReport-dbg.controller.js": 1757582024374,
  "ext/controller/ListReport.controller.js.map": 1758026255347,
  "Component-dbg.js": 1757570558836,
  "Component.js.map": 1758026255350,
  "Component-preload.js": 1758026255505,
  "Component-preload.js.map": 1758026255505,
  "ext/view/CashFlowPopup.view.xml": 1758024662710,
  "ext/fragment/Header.fragment.xml": 1757579799004,
  "css/style.css": 1758024490986,
  "index.html": 1757570558840
}