{
  "Component-dbg.js": 1758708695815,
  "Component.js": 1758708695815,
  "ext/controller/Objectpagecontroller.controller.js": 1758709900870,
  "ext/controller/ListReportPage.controller.js": 1758714568092,
  "ext/controller/Cashflow.js": 1758899681099,
  "ext/view/AdjustmentCashFlow.controller.js": 1759820132934,
  "manifest.json": 1758778216750,
  "ext/controller/Ratecal.js": 1758779235842,
  "ext/controller/Ratecal-dbg.js": 1758779235842,
  "ext/controller/Ratecal.js.map": 1759826745246,
  "ext/controller/Objectpagecontroller-dbg.controller.js": 1758709900870,
  "ext/controller/Objectpagecontroller.controller.js.map": 1759826745257,
  "ext/controller/ListReportPage-dbg.controller.js": 1758714568092,
  "ext/controller/ListReportPage.controller.js.map": 1759826745198,
  "ext/controller/Cashflow-dbg.js": 1758899681099,
  "ext/controller/Cashflow.js.map": 1759826745203,
  "ext/view/AdjustmentCashFlow-dbg.controller.js": 1759820132934,
  "ext/view/AdjustmentCashFlow.controller.js.map": 1759826745261,
  "i18n/i18n.properties": 1758710954364,
  "Component.js.map": 1759826745242,
  "Component-preload.js": 1759826745378,
  "Component-preload.js.map": 1759826745379,
  "ext/view/AdjustmentCashFlow.view.xml": 1759819953434,
  "css/style.css": 1758904323115,
  "index.html": 1758708695815
}