{
  "css/style.css": 1758904323115,
  "Component.js": 1758708695815,
  "ext/controller/Objectpagecontroller.controller.js": 1758709900870,
  "ext/controller/ListReportPage.controller.js": 1758714568092,
  "ext/controller/Cashflow.js": 1758899681099,
  "ext/view/AdjustmentCashFlow.controller.js": 1759143898636,
  "manifest.json": 1758778216750,
  "ext/controller/Ratecal.js": 1758779235842,
  "ext/controller/Cashflow-dbg.js": 1758899681099,
  "ext/controller/Cashflow.js.map": 1759212392545,
  "ext/controller/Objectpagecontroller-dbg.controller.js": 1758709900870,
  "ext/controller/Objectpagecontroller.controller.js.map": 1759212392499,
  "ext/controller/ListReportPage-dbg.controller.js": 1758714568092,
  "ext/controller/ListReportPage.controller.js.map": 1759212392544,
  "Component-dbg.js": 1758708695815,
  "Component.js.map": 1759212392488,
  "ext/view/AdjustmentCashFlow-dbg.controller.js": 1759143898636,
  "ext/view/AdjustmentCashFlow.controller.js.map": 1759212392546,
  "ext/controller/Ratecal-dbg.js": 1758779235842,
  "ext/controller/Ratecal.js.map": 1759212392535,
  "Component-preload.js": 1759212392660,
  "Component-preload.js.map": 1759212392661,
  "ext/view/AdjustmentCashFlow.view.xml": 1759143089717,
  "i18n/i18n.properties": 1758710954364,
  "index.html": 1758708695815
}