{
  "css/style.css": 1758710954364,
  "ext/view/AdjustmentCashFlow.controller.js": 1758713168841,
  "ext/controller/Ratecal.js": 1758779235842,
  "ext/controller/Objectpagecontroller.controller.js": 1758709900870,
  "ext/controller/ListReportPage.controller.js": 1758714568092,
  "ext/controller/Cashflow.js": 1758713100189,
  "manifest.json": 1758778216750,
  "Component.js": 1758708695815,
  "ext/controller/Objectpagecontroller-dbg.controller.js": 1758709900870,
  "ext/controller/Objectpagecontroller.controller.js.map": 1758784029098,
  "ext/controller/Ratecal-dbg.js": 1758779235842,
  "ext/controller/Ratecal.js.map": 1758784029073,
  "ext/view/AdjustmentCashFlow-dbg.controller.js": 1758713168841,
  "ext/view/AdjustmentCashFlow.controller.js.map": 1758784029085,
  "ext/controller/ListReportPage-dbg.controller.js": 1758714568092,
  "ext/controller/ListReportPage.controller.js.map": 1758784029080,
  "ext/controller/Cashflow-dbg.js": 1758713100189,
  "ext/controller/Cashflow.js.map": 1758784029086,
  "Component-dbg.js": 1758708695815,
  "Component.js.map": 1758784029081,
  "Component-preload.js": 1758784029210,
  "Component-preload.js.map": 1758784029210,
  "ext/view/AdjustmentCashFlow.view.xml": 1758710954364,
  "i18n/i18n.properties": 1758710954364,
  "index.html": 1758708695815
}