{
  "ext/view/AdjustmentCashFlow-dbg.controller.js": 1759337924770,
  "ext/controller/Cashflow.js": 1758899681099,
  "ext/controller/Ratecal.js": 1758779235842,
  "ext/controller/Objectpagecontroller.controller.js": 1758709900870,
  "ext/controller/ListReportPage.controller.js": 1758714568092,
  "ext/view/AdjustmentCashFlow.controller.js": 1759337924770,
  "manifest.json": 1758778216750,
  "Component.js": 1758708695815,
  "ext/controller/ListReportPage-dbg.controller.js": 1758714568092,
  "ext/controller/ListReportPage.controller.js.map": 1759491160307,
  "ext/controller/Ratecal-dbg.js": 1758779235842,
  "ext/controller/Ratecal.js.map": 1759491160300,
  "ext/controller/Objectpagecontroller-dbg.controller.js": 1758709900870,
  "ext/controller/Objectpagecontroller.controller.js.map": 1759491160327,
  "ext/controller/Cashflow-dbg.js": 1758899681099,
  "ext/controller/Cashflow.js.map": 1759491160307,
  "i18n/i18n.properties": 1758710954364,
  "ext/view/AdjustmentCashFlow.controller.js.map": 1759491160331,
  "Component-dbg.js": 1758708695815,
  "Component.js.map": 1759491160310,
  "Component-preload.js": 1759491160452,
  "Component-preload.js.map": 1759491160452,
  "ext/view/AdjustmentCashFlow.view.xml": 1759231627260,
  "css/style.css": 1758904323115,
  "index.html": 1758708695815
}