{
  "ext/controller/ListReportPage.controller.js": 1758714568092,
  "ext/controller/Objectpagecontroller.controller.js": 1758709900870,
  "ext/controller/Ratecal.js": 1758779235842,
  "ext/view/AdjustmentCashFlow.controller.js": 1758903543287,
  "i18n/i18n.properties": 1758710954364,
  "ext/controller/Cashflow.js": 1758899681099,
  "manifest.json": 1758778216750,
  "Component.js": 1758708695815,
  "ext/controller/Cashflow-dbg.js": 1758899681099,
  "ext/controller/Cashflow.js.map": 1759136746534,
  "ext/controller/Ratecal-dbg.js": 1758779235842,
  "ext/controller/Ratecal.js.map": 1759136746500,
  "ext/view/AdjustmentCashFlow-dbg.controller.js": 1758903543287,
  "ext/view/AdjustmentCashFlow.controller.js.map": 1759136746537,
  "ext/controller/ListReportPage-dbg.controller.js": 1758714568092,
  "ext/controller/ListReportPage.controller.js.map": 1759136746524,
  "ext/controller/Objectpagecontroller-dbg.controller.js": 1758709900870,
  "ext/controller/Objectpagecontroller.controller.js.map": 1759136746533,
  "Component-dbg.js": 1758708695815,
  "Component.js.map": 1759136746526,
  "Component-preload.js": 1759136746666,
  "Component-preload.js.map": 1759136746666,
  "ext/view/AdjustmentCashFlow1.view.xml": 1758710954364,
  "ext/view/AdjustmentCashFlow.view.xml": 1758906570167,
  "css/style.css": 1758904323115,
  "index.html": 1758708695815
}