{
  "ext/fragment/Header.fragment.xml": 1756985260658,
  "ext/controller/ContractObjectPage.controller.js": 1757655740401,
  "ext/fragment/Header.js": 1756900147712,
  "ext/view/CashFlowPopup.controller.js": 1757573401356,
  "ext/controller/Contactlist.controller.js": 1757576636520,
  "ext/controller/CalCashFLow.js": 1757569064322,
  "manifest.json": 1757501867743,
  "Component.js": 1756900147712,
  "ext/controller/Contactlist-dbg.controller.js": 1757576636520,
  "ext/controller/Contactlist.controller.js.map": 1757660437695,
  "ext/fragment/Header-dbg.js": 1756900147712,
  "ext/fragment/Header.js.map": 1757660437693,
  "ext/view/CashFlowPopup-dbg.controller.js": 1757573401356,
  "ext/view/CashFlowPopup.controller.js.map": 1757660437705,
  "ext/controller/ContractObjectPage-dbg.controller.js": 1757655740401,
  "ext/controller/ContractObjectPage.controller.js.map": 1757660437766,
  "ext/controller/CalCashFLow-dbg.js": 1757569064322,
  "ext/controller/CalCashFLow.js.map": 1757660437789,
  "Component-dbg.js": 1756900147712,
  "Component.js.map": 1757660437698,
  "Component-preload.js": 1757660437919,
  "Component-preload.js.map": 1757660437919,
  "ext/view/CashFlowPopup.view.xml": 1757569695261,
  "i18n/i18n.properties": 1757651321522,
  "ext/fragment/DialogOb.fragment.xml": 1757330222785,
  "ext/fragment/Dialog.fragment.xml": 1757330016993,
  "css/style.css": 1757660240821,
  "index.html": 1756900147712
}