{
  "ext/controller/CalCashFLow.js.map": 1757312127462,
  "ext/fragment/Header.js": 1756900147712,
  "ext/controller/ContractObjectPage.controller.js": 1756985382526,
  "ext/controller/Contactlist.controller.js": 1756900147712,
  "ext/controller/CalCashFLow.js": 1757311654507,
  "manifest.json": 1756972380020,
  "Component.js": 1756900147712,
  "Component-dbg.js": 1756900147712,
  "Component.js.map": 1757312127432,
  "ext/controller/ContractObjectPage-dbg.controller.js": 1756985382526,
  "ext/controller/ContractObjectPage.controller.js.map": 1757312127437,
  "ext/controller/Contactlist-dbg.controller.js": 1756900147712,
  "ext/controller/Contactlist.controller.js.map": 1757312127441,
  "ext/controller/CalCashFLow-dbg.js": 1757311654507,
  "i18n/i18n.properties": 1756900147712,
  "ext/fragment/Header-dbg.js": 1756900147712,
  "ext/fragment/Header.js.map": 1757312127433,
  "Component-preload.js": 1757312127565,
  "Component-preload.js.map": 1757312127565,
  "ext/fragment/Header.fragment.xml": 1756985260658,
  "ext/fragment/DialogOb.fragment.xml": 1757311332162,
  "ext/fragment/Dialog.fragment.xml": 1757077272595,
  "css/style.css": 1756900147712,
  "index.html": 1756900147712
}