{
  "ext/controller/AdjustmentPayment.js.map": 1760077884046,
  "ext/controller/RateCalc.js": 1757928241373,
  "ext/view/CompareCalcFlow.controller.js": 1758607750058,
  "ext/view/CashFlowPopup.controller.js": 1759815744968,
  "ext/view/Adjustmentflow.controller.js": 1758620663932,
  "ext/fragment/Header.js": 1756900147712,
  "ext/controller/ContractObjectPage.controller.js": 1760077264931,
  "ext/controller/Contactlist.controller.js": 1757576636520,
  "ext/controller/CalCashFLow.js": 1758605139280,
  "ext/controller/AdjustmentPayment.js": 1758691152258,
  "manifest.json": 1759928682445,
  "Component.js": 1756900147712,
  "ext/controller/Contactlist-dbg.controller.js": 1757576636520,
  "ext/controller/Contactlist.controller.js.map": 1760077884007,
  "ext/view/CompareCalcFlow-dbg.controller.js": 1758607750058,
  "ext/view/CompareCalcFlow.controller.js.map": 1760077883957,
  "ext/view/CashFlowPopup-dbg.controller.js": 1759815744968,
  "ext/view/CashFlowPopup.controller.js.map": 1760077884004,
  "ext/view/Adjustmentflow-dbg.controller.js": 1758620663932,
  "ext/view/Adjustmentflow.controller.js.map": 1760077884037,
  "ext/fragment/Header-dbg.js": 1756900147712,
  "ext/fragment/Header.js.map": 1760077883959,
  "ext/controller/ContractObjectPage-dbg.controller.js": 1760077264931,
  "ext/controller/ContractObjectPage.controller.js.map": 1760077884031,
  "ext/controller/RateCalc-dbg.js": 1757928241373,
  "ext/controller/RateCalc.js.map": 1760077884009,
  "ext/controller/CalCashFLow-dbg.js": 1758605139280,
  "ext/controller/CalCashFLow.js.map": 1760077884054,
  "ext/controller/AdjustmentPayment-dbg.js": 1758691152258,
  "i18n/i18n.properties": 1758607294354,
  "Component-dbg.js": 1756900147712,
  "Component.js.map": 1760077884033,
  "Component-preload.js": 1760077884234,
  "Component-preload.js.map": 1760077884234,
  "ext/view/CompareCalcFlow.view.xml": 1758626897549,
  "ext/view/CashFlowPopup.view.xml": 1759826612942,
  "ext/view/Adjustmentflow.view.xml": 1758621913721,
  "ext/fragment/Header.fragment.xml": 1756985260658,
  "ext/fragment/DialogOb.fragment.xml": 1757330222785,
  "ext/fragment/Dialog.fragment.xml": 1758794980633,
  "css/style.css": 1758888859963,
  "index.html": 1756900147712
}