{
  "ext/controller/RateCalc.js": 1757928241373,
  "i18n/i18n.properties": 1758607294354,
  "ext/view/CashFlowPopup.controller.js": 1759481544447,
  "ext/view/Adjustmentflow.controller.js": 1758620663932,
  "ext/fragment/Header.js": 1756900147712,
  "ext/view/CompareCalcFlow.controller.js": 1758607750058,
  "ext/controller/ContractObjectPage.controller.js": 1758703820807,
  "ext/controller/Contactlist.controller.js": 1757576636520,
  "ext/controller/CalCashFLow.js": 1758605139280,
  "ext/controller/AdjustmentPayment.js": 1758691152258,
  "manifest.json": 1758530249000,
  "Component.js": 1756900147712,
  "ext/view/Adjustmentflow-dbg.controller.js": 1758620663932,
  "ext/view/Adjustmentflow.controller.js.map": 1759737374968,
  "ext/view/CashFlowPopup-dbg.controller.js": 1759481544447,
  "ext/view/CashFlowPopup.controller.js.map": 1759737374973,
  "ext/controller/RateCalc-dbg.js": 1757928241373,
  "ext/controller/RateCalc.js.map": 1759737374962,
  "ext/fragment/Header-dbg.js": 1756900147712,
  "ext/fragment/Header.js.map": 1759737374951,
  "ext/view/CompareCalcFlow-dbg.controller.js": 1758607750058,
  "ext/view/CompareCalcFlow.controller.js.map": 1759737374956,
  "ext/controller/ContractObjectPage-dbg.controller.js": 1758703820807,
  "ext/controller/ContractObjectPage.controller.js.map": 1759737375023,
  "ext/controller/Contactlist-dbg.controller.js": 1757576636520,
  "ext/controller/Contactlist.controller.js.map": 1759737374966,
  "ext/controller/CalCashFLow-dbg.js": 1758605139280,
  "ext/controller/CalCashFLow.js.map": 1759737375038,
  "ext/controller/AdjustmentPayment-dbg.js": 1758691152258,
  "ext/controller/AdjustmentPayment.js.map": 1759737375034,
  "Component-dbg.js": 1756900147712,
  "Component.js.map": 1759737374975,
  "Component-preload.js": 1759737375178,
  "Component-preload.js.map": 1759737375178,
  "ext/view/CompareCalcFlow.view.xml": 1758626897549,
  "ext/view/CashFlowPopup.view.xml": 1759481061792,
  "ext/view/Adjustmentflow.view.xml": 1758621913721,
  "ext/fragment/Header.fragment.xml": 1756985260658,
  "ext/fragment/DialogOb.fragment.xml": 1757330222785,
  "ext/fragment/Dialog.fragment.xml": 1758794980633,
  "css/style.css": 1758888859963,
  "index.html": 1756900147712
}