{
  "index.html": 1756900147712,
  "ext/controller/ContractObjectPage.controller.js": 1757505733730,
  "ext/fragment/Header.js": 1756900147712,
  "ext/view/CashFlowPopup.controller.js": 1757410922809,
  "ext/controller/Contactlist.controller.js": 1756900147712,
  "ext/controller/CalCashFLow.js": 1757424341851,
  "manifest.json": 1757501867743,
  "Component.js": 1756900147712,
  "Component-dbg.js": 1756900147712,
  "Component.js.map": 1757506362991,
  "ext/fragment/Header-dbg.js": 1756900147712,
  "ext/fragment/Header.js.map": 1757506362992,
  "ext/view/CashFlowPopup-dbg.controller.js": 1757410922809,
  "ext/view/CashFlowPopup.controller.js.map": 1757506363016,
  "ext/controller/Contactlist-dbg.controller.js": 1756900147712,
  "ext/controller/Contactlist.controller.js.map": 1757506363000,
  "ext/controller/CalCashFLow-dbg.js": 1757424341851,
  "ext/controller/CalCashFLow.js.map": 1757506363089,
  "ext/controller/ContractObjectPage-dbg.controller.js": 1757505733730,
  "ext/controller/ContractObjectPage.controller.js.map": 1757506363076,
  "Component-preload.js": 1757506363285,
  "Component-preload.js.map": 1757506363285,
  "ext/fragment/Header.fragment.xml": 1756985260658,
  "ext/fragment/DialogOb.fragment.xml": 1757330222785,
  "ext/fragment/Dialog.fragment.xml": 1757330016993,
  "ext/view/CashFlowPopup.view.xml": 1757494876979,
  "css/style.css": 1757502644613,
  "i18n/i18n.properties": 1757403708458
}