{
  "Component-preload.js.map": 1761200392131,
  "ext/controller/Cashflow.js": 1758869657224,
  "ext/controller/RateCalc.js": 1758692523454,
  "ext/controller/ObjectPageController.controller.js": 1758703867571,
  "ext/controller/ListReportPage.controller.js": 1758690575953,
  "ext/view/AdjustmentCashFlow.controller.js": 1760075766981,
  "manifest.json": 1759928726865,
  "Component.js": 1758623168509,
  "ext/controller/Cashflow-dbg.js": 1758869657224,
  "ext/controller/Cashflow.js.map": 1761200391967,
  "ext/controller/RateCalc-dbg.js": 1758692523454,
  "ext/controller/RateCalc.js.map": 1761200391967,
  "ext/controller/ObjectPageController-dbg.controller.js": 1758703867571,
  "ext/controller/ObjectPageController.controller.js.map": 1761200392023,
  "ext/controller/ListReportPage-dbg.controller.js": 1758690575953,
  "ext/controller/ListReportPage.controller.js.map": 1761200391978,
  "ext/view/AdjustmentCashFlow-dbg.controller.js": 1760075766981,
  "ext/view/AdjustmentCashFlow.controller.js.map": 1761200392021,
  "Component-dbg.js": 1758623168509,
  "Component.js.map": 1761200391969,
  "Component-preload.js": 1761200392131,
  "i18n/i18n.properties": 1758705859100,
  "ext/view/AdjustmentCashFlow.view.xml": 1759929403368,
  "css/style.css": 1758873131591,
  "index.html": 1758623168509
}