{
  "Component.js.map": 1758705923675,
  "ext/controller/ListReport.controller.js": 1757582024374,
  "ext/fragment/Header.js": 1757572468901,
  "ext/controller/RateCalc.js": 1757929727674,
  "ext/controller/Objectpagecont.controller.js": 1758264952830,
  "ext/view/CashFlowPopup.controller.js": 1757573467943,
  "ext/controller/CalCashFlow.js": 1757575500845,
  "manifest.json": 1758024237637,
  "Component.js": 1757570558836,
  "ext/controller/RateCalc-dbg.js": 1757929727674,
  "ext/controller/RateCalc.js.map": 1758705923672,
  "ext/fragment/Header-dbg.js": 1757572468901,
  "ext/fragment/Header.js.map": 1758705923643,
  "ext/controller/ListReport-dbg.controller.js": 1757582024374,
  "ext/controller/ListReport.controller.js.map": 1758705923668,
  "ext/controller/Objectpagecont-dbg.controller.js": 1758264952830,
  "ext/controller/Objectpagecont.controller.js.map": 1758705923699,
  "ext/view/CashFlowPopup-dbg.controller.js": 1757573467943,
  "ext/view/CashFlowPopup.controller.js.map": 1758705923682,
  "ext/controller/CalCashFlow-dbg.js": 1757575500845,
  "ext/controller/CalCashFlow.js.map": 1758705923697,
  "Component-dbg.js": 1757570558836,
  "i18n/i18n.properties": 1758000538583,
  "Component-preload.js": 1758705923815,
  "Component-preload.js.map": 1758705923815,
  "ext/fragment/Header.fragment.xml": 1757579799004,
  "ext/view/CashFlowPopup.view.xml": 1758024662710,
  "css/style.css": 1758265281638,
  "index.html": 1757570558840
}