{
  "index.html": 1757570558840,
  "Component.js": 1757570558836,
  "ext/fragment/Header.js": 1757572468901,
  "ext/controller/RateCalc.js": 1757929727674,
  "ext/controller/Objectpagecont.controller.js": 1758781561346,
  "ext/controller/ListReport.controller.js": 1757582024374,
  "ext/controller/CalCashFlow.js": 1757575500845,
  "ext/controller/AdjustmentPaymentloan.js": 1758717576935,
  "manifest.json": 1758711660041,
  "ext/view/CashFlowPopup.controller.js": 1757573467943,
  "ext/controller/AdjustmentPaymentloan-dbg.js": 1758717576935,
  "ext/controller/AdjustmentPaymentloan.js.map": 1758784022662,
  "ext/fragment/Header-dbg.js": 1757572468901,
  "ext/fragment/Header.js.map": 1758784022637,
  "ext/controller/RateCalc-dbg.js": 1757929727674,
  "ext/controller/RateCalc.js.map": 1758784022640,
  "ext/controller/Objectpagecont-dbg.controller.js": 1758781561346,
  "ext/controller/Objectpagecont.controller.js.map": 1758784022665,
  "ext/controller/ListReport-dbg.controller.js": 1757582024374,
  "ext/controller/ListReport.controller.js.map": 1758784022640,
  "ext/controller/CalCashFlow-dbg.js": 1757575500845,
  "ext/controller/CalCashFlow.js.map": 1758784022664,
  "Component-dbg.js": 1757570558836,
  "Component.js.map": 1758784022642,
  "ext/view/CashFlowPopup-dbg.controller.js": 1757573467943,
  "ext/view/CashFlowPopup.controller.js.map": 1758784022656,
  "Component-preload.js": 1758784022837,
  "Component-preload.js.map": 1758784022837,
  "ext/view/CashFlowPopup.view.xml": 1758024662710,
  "ext/fragment/Header.fragment.xml": 1757579799004,
  "css/style.css": 1758265281638,
  "i18n/i18n.properties": 1758000538583
}