{
  "ext/view/CashFlowPopup.view.xml": 1758024662710,
  "ext/controller/RateCalc.js": 1757929727674,
  "ext/fragment/Header.js": 1757572468901,
  "ext/view/CashFlowPopup.controller.js": 1757573467943,
  "ext/controller/Objectpagecont.controller.js": 1758264952830,
  "ext/controller/ListReport.controller.js": 1757582024374,
  "ext/controller/CalCashFlow.js": 1757575500845,
  "manifest.json": 1758024237637,
  "Component.js": 1757570558836,
  "ext/controller/CalCashFlow-dbg.js": 1757575500845,
  "ext/controller/CalCashFlow.js.map": 1758265337085,
  "ext/fragment/Header-dbg.js": 1757572468901,
  "ext/fragment/Header.js.map": 1758265337072,
  "ext/view/CashFlowPopup-dbg.controller.js": 1757573467943,
  "ext/view/CashFlowPopup.controller.js.map": 1758265337064,
  "ext/controller/Objectpagecont-dbg.controller.js": 1758264952830,
  "ext/controller/Objectpagecont.controller.js.map": 1758265337094,
  "ext/controller/ListReport-dbg.controller.js": 1757582024374,
  "ext/controller/ListReport.controller.js.map": 1758265337067,
  "ext/controller/RateCalc-dbg.js": 1757929727674,
  "ext/controller/RateCalc.js.map": 1758265337071,
  "Component-dbg.js": 1757570558836,
  "Component.js.map": 1758265337073,
  "Component-preload.js": 1758265337205,
  "Component-preload.js.map": 1758265337206,
  "i18n/i18n.properties": 1758000538583,
  "ext/fragment/Header.fragment.xml": 1757579799004,
  "css/style.css": 1758265281638,
  "index.html": 1757570558840
}