{
  "ext/controller/AdjustmentPaymentloan.js": 1758717576935,
  "Component.js": 1757570558836,
  "ext/fragment/Header.js": 1757572468901,
  "ext/controller/RateCalc.js": 1757929727674,
  "ext/controller/Objectpagecont.controller.js": 1760077073627,
  "ext/controller/ListReport.controller.js": 1757582024374,
  "ext/controller/CalCashFlow.js": 1757575500845,
  "i18n/i18n.properties": 1758000538583,
  "manifest.json": 1759928698977,
  "ext/view/CashFlowPopup.controller.js": 1759820434390,
  "ext/fragment/Header-dbg.js": 1757572468901,
  "ext/fragment/Header.js.map": 1761200388571,
  "Component-dbg.js": 1757570558836,
  "Component.js.map": 1761200388574,
  "ext/controller/RateCalc-dbg.js": 1757929727674,
  "ext/controller/RateCalc.js.map": 1761200388581,
  "ext/controller/Objectpagecont-dbg.controller.js": 1760077073627,
  "ext/controller/Objectpagecont.controller.js.map": 1761200388631,
  "ext/controller/ListReport-dbg.controller.js": 1757582024374,
  "ext/controller/ListReport.controller.js.map": 1761200388576,
  "ext/controller/CalCashFlow-dbg.js": 1757575500845,
  "ext/controller/CalCashFlow.js.map": 1761200388631,
  "ext/controller/AdjustmentPaymentloan-dbg.js": 1758717576935,
  "ext/controller/AdjustmentPaymentloan.js.map": 1761200388639,
  "ext/view/CashFlowPopup-dbg.controller.js": 1759820434390,
  "ext/view/CashFlowPopup.controller.js.map": 1761200388632,
  "Component-preload.js": 1761200388764,
  "Component-preload.js.map": 1761200388764,
  "ext/view/CashFlowPopup.view.xml": 1759820783925,
  "ext/fragment/Header.fragment.xml": 1757579799004,
  "css/style.css": 1758891794285,
  "index.html": 1757570558840
}