{
  "ext/view/AdjustmentCashFlow.controller.js.map": 1758784026084,
  "Component.js": 1758623168509,
  "ext/controller/RateCalc.js": 1758692523454,
  "ext/controller/ObjectPageController.controller.js": 1758703867571,
  "ext/controller/ListReportPage.controller.js": 1758690575953,
  "ext/controller/Cashflow.js": 1758694197894,
  "manifest.json": 1758702145715,
  "ext/view/AdjustmentCashFlow.controller.js": 1758631516658,
  "Component-dbg.js": 1758623168509,
  "Component.js.map": 1758784026076,
  "ext/controller/RateCalc-dbg.js": 1758692523454,
  "ext/controller/RateCalc.js.map": 1758784026075,
  "ext/controller/ObjectPageController-dbg.controller.js": 1758703867571,
  "ext/controller/ObjectPageController.controller.js.map": 1758784026139,
  "ext/controller/ListReportPage-dbg.controller.js": 1758690575953,
  "ext/controller/ListReportPage.controller.js.map": 1758784026065,
  "ext/controller/Cashflow-dbg.js": 1758694197894,
  "ext/controller/Cashflow.js.map": 1758784026077,
  "ext/view/AdjustmentCashFlow-dbg.controller.js": 1758631516658,
  "i18n/i18n.properties": 1758705859100,
  "Component-preload.js": 1758784026230,
  "Component-preload.js.map": 1758784026230,
  "ext/view/AdjustmentCashFlow.view.xml": 1758631190090,
  "css/style.css": 1758625172413,
  "index.html": 1758623168509
}