{
  "ext/view/AdjustmentCashFlow.controller.js": 1759226306165,
  "ext/controller/ObjectPageController.controller.js": 1758703867571,
  "ext/controller/RateCalc.js": 1758692523454,
  "ext/controller/ListReportPage.controller.js": 1758690575953,
  "ext/controller/Cashflow.js": 1758869657224,
  "i18n/i18n.properties": 1758705859100,
  "manifest.json": 1758702145715,
  "Component.js": 1758623168509,
  "ext/view/AdjustmentCashFlow-dbg.controller.js": 1759226306165,
  "ext/view/AdjustmentCashFlow.controller.js.map": 1759236603663,
  "ext/controller/RateCalc-dbg.js": 1758692523454,
  "ext/controller/RateCalc.js.map": 1759236603651,
  "ext/controller/ListReportPage-dbg.controller.js": 1758690575953,
  "ext/controller/ListReportPage.controller.js.map": 1759236603638,
  "ext/controller/Cashflow-dbg.js": 1758869657224,
  "ext/controller/Cashflow.js.map": 1759236603656,
  "ext/controller/ObjectPageController-dbg.controller.js": 1758703867571,
  "ext/controller/ObjectPageController.controller.js.map": 1759236603662,
  "Component-dbg.js": 1758623168509,
  "Component.js.map": 1759236603653,
  "Component-preload.js": 1759236603777,
  "Component-preload.js.map": 1759236603777,
  "ext/view/AdjustmentCashFlow.view.xml": 1759217462550,
  "css/style.css": 1758873131591,
  "index.html": 1758623168509
}