{
  "ext/controller/ListReportPage.controller.js.map": 1759136742466,
  "ext/controller/ListReportPage.controller.js": 1758690575953,
  "ext/controller/RateCalc.js": 1758692523454,
  "ext/controller/ObjectPageController.controller.js": 1758703867571,
  "ext/view/AdjustmentCashFlow.controller.js": 1759129406963,
  "ext/controller/Cashflow.js": 1758869657224,
  "manifest.json": 1758702145715,
  "Component.js": 1758623168509,
  "Component-dbg.js": 1758623168509,
  "Component.js.map": 1759136742443,
  "ext/controller/RateCalc-dbg.js": 1758692523454,
  "ext/controller/RateCalc.js.map": 1759136742453,
  "ext/controller/ObjectPageController-dbg.controller.js": 1758703867571,
  "ext/controller/ObjectPageController.controller.js.map": 1759136742508,
  "ext/view/AdjustmentCashFlow-dbg.controller.js": 1759129406963,
  "ext/view/AdjustmentCashFlow.controller.js.map": 1759136742514,
  "ext/controller/Cashflow-dbg.js": 1758869657224,
  "ext/controller/Cashflow.js.map": 1759136742462,
  "ext/controller/ListReportPage-dbg.controller.js": 1758690575953,
  "i18n/i18n.properties": 1758705859100,
  "Component-preload.js": 1759136742620,
  "Component-preload.js.map": 1759136742620,
  "ext/view/AdjustmentCashFlow.view.xml": 1759130430727,
  "ext/view/AdjustmentCashFlow.view copy.xml": 1758898763907,
  "css/style.css": 1758873131591,
  "index.html": 1758623168509
}