{
  "ext/controller/ObjectPageController-dbg.controller.js": 1758703867571,
  "Component.js": 1758623168509,
  "ext/controller/RateCalc.js": 1758692523454,
  "ext/controller/ObjectPageController.controller.js": 1758703867571,
  "ext/controller/ListReportPage.controller.js": 1758690575953,
  "ext/controller/Cashflow.js": 1758869657224,
  "manifest.json": 1758702145715,
  "ext/view/AdjustmentCashFlow.controller.js": 1759332105289,
  "ext/controller/Cashflow-dbg.js": 1758869657224,
  "ext/controller/Cashflow.js.map": 1759737380952,
  "ext/controller/RateCalc-dbg.js": 1758692523454,
  "ext/controller/RateCalc.js.map": 1759737380939,
  "i18n/i18n.properties": 1758705859100,
  "ext/controller/ObjectPageController.controller.js.map": 1759737380967,
  "ext/controller/ListReportPage-dbg.controller.js": 1758690575953,
  "ext/controller/ListReportPage.controller.js.map": 1759737380961,
  "Component-dbg.js": 1758623168509,
  "Component.js.map": 1759737380940,
  "ext/view/AdjustmentCashFlow-dbg.controller.js": 1759332105289,
  "ext/view/AdjustmentCashFlow.controller.js.map": 1759737380963,
  "Component-preload.js": 1759737381064,
  "Component-preload.js.map": 1759737381064,
  "ext/view/AdjustmentCashFlow.view.xml": 1759217462550,
  "css/style.css": 1758873131591,
  "index.html": 1758623168509
}