{
  "index.html": 1758623168509,
  "ext/controller/ObjectPageController.controller.js": 1758703867571,
  "ext/controller/RateCalc.js": 1758692523454,
  "ext/controller/ListReportPage.controller.js": 1758690575953,
  "ext/controller/Cashflow.js": 1758869657224,
  "ext/view/AdjustmentCashFlow.controller.js": 1758877938793,
  "manifest.json": 1758702145715,
  "Component.js": 1758623168509,
  "Component-dbg.js": 1758623168509,
  "Component.js.map": 1758907337964,
  "ext/controller/RateCalc-dbg.js": 1758692523454,
  "ext/controller/RateCalc.js.map": 1758907338002,
  "ext/controller/ListReportPage-dbg.controller.js": 1758690575953,
  "ext/controller/ListReportPage.controller.js.map": 1758907338015,
  "ext/controller/Cashflow-dbg.js": 1758869657224,
  "ext/controller/Cashflow.js.map": 1758907338022,
  "ext/view/AdjustmentCashFlow-dbg.controller.js": 1758877938793,
  "ext/view/AdjustmentCashFlow.controller.js.map": 1758907338018,
  "ext/controller/ObjectPageController-dbg.controller.js": 1758703867571,
  "ext/controller/ObjectPageController.controller.js.map": 1758907338027,
  "Component-preload.js": 1758907338139,
  "Component-preload.js.map": 1758907338139,
  "ext/view/AdjustmentCashFlow.view.xml": 1758902269083,
  "ext/view/AdjustmentCashFlow.view copy.xml": 1758898763907,
  "css/style.css": 1758873131591,
  "i18n/i18n.properties": 1758705859100
}